plate,well_id,treatment,day0_area_mm,day1_area_mm,day2_area_mm,day3_area_mm,day4_area_mm,day5_area_mm,day6_area_mm,day7_area_mm,day8_area_mm,day9_area_mm,day10_area_mm,RGR,PG,0.046
36,d6,W_Y_N,13.11,,,,,,,,,,0,NA,NA,
7,d6,M_N_ODR,88.803,,,,,,,,,,163.3,4.646946957,0.838901839,
6,b6,DR_N_N,317.423,,,,,,,,,,648.991,5.899395322,1.044561988,
17,c5,W_N_N,297.367,,,,,,,,,,613.686,5.84998669,1.063732694,
35,a5,UM_N_N,214.636,,,,,,,,,,449.535,5.571319358,1.094406344,
4,c3,W_N_N,275.103,,,,,,,,,,589.375,5.817348096,1.1423794,
4,b6,DR_N_KF,325.266,,,,,,,,,,696.946,5.968243602,1.142695517,
31,b2,DR_N_KF,175.237,,,,,,,,,,382.398,5.429848017,1.182176139,
4,c6,DR_N_N,209.875,,,,,,,,,,458.528,5.593370147,1.184767123,
7,b1,W_Y_KF,160.241,,,,,,,,,,352.682,5.357898908,1.200947323,
25,c4,DR_N_N,204.217,,,,,,,,,,455.469,5.589409342,1.23031873,
8,d6,LR_N_KF,149.063,,,,,,,,,,339.94,5.328332228,1.280512267,
20,a4,W_N_N,292.146,,,,,,,,,,666.609,5.934478299,1.281766651,
16,c1,W_N_KF,173.006,,,,,,,,,,397.279,5.469306177,1.296330763,
22,b4,DR_N_N,264.546,,,,,,,,,,618.309,5.869186818,1.337245696,
26,b1,LR_N_N,192.763,,,,,,,,,,454.296,5.592602822,1.356759337,
34,c3,DR_N_N,206.862,,,,,,,,,,490.268,5.66174699,1.370024461,
12,b3,TF_N_N,239.867,,,,,,,,,,575.345,5.806961401,1.398600058,
10,c3,DR_Y_N,296.263,,,,,,,,,,713.069,6.000453433,1.406878348,
18,c4,M_N_N,132.894,,,,,,,,,,321.08,5.282735131,1.416060921,
10,c4,DR_N_N,234.163,,,,,,,,,,566.444,5.793776478,1.419015814,
26,c2,LR_Y_KF,97.658,,,,,,,,,,242.995,5.891089731,1.488224211,
7,a2,W_N_N,225.538,,,,,,,,,,569.595,5.803076716,1.525494595,
5,b4,W_N_N,157.044,,,,,,,,,,397.785,5.480259056,1.532952548,
22,b1,M_N_N,247.25,,,,,,,,,,631.028,5.896310239,1.552186047,
21,b5,TF_Y_N,322.391,,,,,,,,,,825.631,6.138571433,1.560961689,
38,c1,DR_N_N,224.917,,,,,,,,,,581.785,5.824527819,1.586665303,
32,a3,TF_N_N,228.091,,,,,,,,,,594.987,5.845565089,1.608550973,
26,b4,W_N_N,206.609,,,,,,,,,,546.273,5.770036039,1.643994211,
9,d2,W_N_N,218.615,,,,,,,,,,580.635,5.825391113,1.655970542,
21,b3,UM_N_N,248.262,,,,,,,,,,667.506,5.952099915,1.688715953,
4,c4,W_Y_N,213.785,,,,,,,,,,578.174,5.823377778,1.704464766,
28,d2,DR_N_N,229.172,,,,,,,,,,620.425,5.886957446,1.707246086,
19,c1,DR_Y_N,232.967,,,,,,,,,,635.996,5.910102593,1.729983217,
31,a2,DR_N_N,190.716,,,,,,,,,,521.778,5.732163669,1.735890014,
37,c2,LR_N_N,139.955,,,,,,,,,,385.043,5.459222922,1.751191454,
34,d5,TF_N_KF,125.787,,,,,,,,,,346.564,5.364608506,1.755165478,
23,a5,DR_N_N,165.439,,,,,,,,,,457.056,5.613945667,1.762685945,
33,c2,W_N_N,216.246,,,,,,,,,,601.036,5.861013168,1.779408636,
20,b1,UM_Y_KF,181.861,,,,,,,,,,510.6,5.715262239,1.807638801,
31,b6,W_N_KF,178.434,,,,,,,,,,501.101,5.698385799,1.808326888,
8,c4,DR_N_H,241.086,,,,,,,,,,680.938,5.974955888,1.824460981,
40,a5,DR_N_N,210.151,,,,,,,,,,597.379,5.857769121,1.842617927,
29,d1,W_N_N,214.015,,,,,,,,,,609.638,5.876260728,1.848576034,
21,b6,TF_N_N,306.521,,,,,,,,,,874.713,6.201367206,1.853680498,
38,d5,W_N_KF,241.661,,,,,,,,,,695.796,5.996302922,1.879223375,
36,d5,W_N_N,315.238,,,,,,,,,,910.846,6.239041047,1.889391507,
14,c6,LR_N_N,164.818,,,,,,,,,,478.906,5.661020153,1.905665643,
14,c3,TF_N_N,215.119,,,,,,,,,,625.232,5.901003645,1.906447129,
6,b3,LR_N_N,245.847,,,,,,,,,,714.656,6.021330369,1.90691365,
1,d2,LR_N_N,175.605,,,,,,,,,,510.991,5.719528262,1.909888671,
38,c5,W_N_N,183.494,,,,,,,,,,534.06,5.759289995,1.910503886,
1,c1,LR_Y_ODR,272.504,,,,,,,,,,798.1,6.121468574,1.928764348,
37,a1,LR_Y_KF,254.863,,,,,,,,,,746.557,6.061399356,1.929248263,
10,b3,DR_Y_H,263.557,,,,,,,,,,773.904,6.094020869,1.936381883,
19,b4,LR_Y_H,252.287,,,,,,,,,,754.4,6.072865998,1.990245237,
3,c5,LR_N_N,134.872,,,,,,,,,,403.857,5.510628237,1.994372442,
38,c3,M_N_N,192.464,,,,,,,,,,583.487,5.84303126,2.03166826,
19,c3,LR_N_N,169.579,,,,,,,,,,514.418,5.729704275,2.03350061,
21,b4,UM_Y_N,270.71,,,,,,,,,,823.147,6.153029986,2.040696686,
6,b5,DR_Y_N,182.459,,,,,,,,,,555.036,5.798380427,2.041976554,
28,d4,W_N_N,250.125,,,,,,,,,,761.277,6.082801207,2.043586207,
19,c6,M_N_N,167.716,,,,,,,,,,512.992,5.728033043,2.05869446,
10,c2,TF_N_N,200.905,,,,,,,,,,617.987,5.896184206,2.076016027,
28,c4,W_N_H,235.382,,,,,,,,,,724.615,6.039519507,2.078463944,
33,c5,UM_N_N,136.275,,,,,,,,,,419.842,5.54841096,2.080843882,
13,c5,DR_Y_KF,276.69,,,,,,,,,,853.346,6.186875318,2.084123026,
16,a1,W_N_N,216.982,,,,,,,,,,669.392,5.968388398,2.08501166,
33,c3,LR_N_N,160.494,,,,,,,,,,496.455,5.699667189,2.093293207,
12,c2,W_Y_H,179.331,,,,,,,,,,555.174,5.800358252,2.095806079,
1,c2,LR_N_ODR,186.047,,,,,,,,,,577.484,5.836080803,2.103968352,
12,b1,W_N_N,264.27,,,,,,,,,,820.387,6.152079049,2.10435161,
12,b2,W_Y_N,292.077,,,,,,,,,,908.132,6.243687996,2.109221199,
21,b2,W_N_N,192.004,,,,,,,,,,597.655,5.867262044,2.11272161,
31,c2,DR_N_ODR,197.041,,,,,,,,,,615.02,5.893313605,2.121279328,
19,b2,DR_N_H,282.394,,,,,,,,,,881.452,6.217240222,2.12135527,
24,c4,LR_N_N,199.778,,,,,,,,,,626.98,5.911193967,2.138383606,
5,b5,UM_N_N,154.583,,,,,,,,,,486.151,5.682446158,2.144918911,
36,c5,W_N_ODR,279.082,,,,,,,,,,884.925,6.222352331,2.170842261,
27,c3,M_N_ODR,192.257,,,,,,,,,,612.099,5.891010732,2.183754038,
19,b1,DR_Y_H,228.896,,,,,,,,,,729.33,6.048799529,2.186294212,
16,b5,TF_Y_ODR,124.43,,,,,,,,,,396.773,5.500989998,2.188724584,
24,c3,LR_Y_N,256.68,,,,,,,,,,818.846,6.153113015,2.190143369,
20,b3,W_Y_KF,193.269,,,,,,,,,,620.724,5.904478239,2.211710104,
12,c1,W_N_H,372.738,,,,,,,,,,1202.831,6.500345648,2.227014686,
18,c5,TF_N_N,230.667,,,,,,,,,,744.395,6.068474297,2.22714129,
28,d5,LR_N_N,253.828,,,,,,,,,,821.491,6.157455295,2.236408119,
36,d1,DR_N_N,197.432,,,,,,,,,,639.768,5.932566189,2.240447344,
13,b2,W_Y_H,310.454,,,,,,,,,,1009.493,6.343399929,2.251666914,
8,a6,LR_N_N,238.188,,,,,,,,,,778.642,6.110245349,2.269022789,
10,a2,TF_N_ODR,195.109,,,,,,,,,,638.089,5.931121934,2.270423199,
23,b3,W_N_H,305.808,,,,,,,,,,1000.776,6.336235233,2.272563177,
13,b6,DR_N_H,231.173,,,,,,,,,,757.574,6.085804588,2.277086857,
16,b4,LR_Y_ODR,251.321,,,,,,,,,,827.678,6.165951089,2.293310149,
9,d4,UM_N_N,200.629,,,,,,,,,,660.744,5.96322073,2.293362375,
40,b6,DR_Y_KF,230.184,,,,,,,,,,761.162,6.090958314,2.306754596,
40,c5,DR_N_ODR,272.665,,,,,,,,,,902.842,6.244723172,2.311176719,
1,b3,M_Y_KF,159.942,,,,,,,,,,531.944,5.769057096,2.325855623,
14,a5,LR_Y_ODR,150.742,,,,,,,,,,502.504,5.718046623,2.333536771,
16,d2,W_Y_H,210.289,,,,,,,,,,701.224,6.017979102,2.334572897,
5,b2,TF_N_N,197.501,,,,,,,,,,659.548,5.962980387,2.339466636,
11,d3,DR_N_N,219.627,,,,,,,,,,734.413,6.059878475,2.343910357,
37,a6,UM_N_KF,177.353,,,,,,,,,,594.343,5.869642384,2.351186617,
22,b3,DR_Y_N,285.085,,,,,,,,,,955.834,6.29730552,2.35280355,
31,b1,DR_Y_KF,234.623,,,,,,,,,,786.692,6.122038815,2.353004607,
31,a6,W_N_N,233.496,,,,,,,,,,783.518,6.118477541,2.355594957,
29,d6,DR_N_N,242.627,,,,,,,,,,814.568,6.153505383,2.357285051,
12,b5,M_N_N,122.245,,,,,,,,,,410.504,5.53678295,2.358043274,
40,d5,DR_N_H,198.49,,,,,,,,,,666.954,5.973647206,2.36013905,
15,b5,UM_N_ODR,147.568,,,,,,,,,,495.972,5.707090565,2.360972569,
13,c3,M_Y_KF,117.438,,,,,,,,,,396.428,5.505903382,2.375636506,
25,c6,UM_N_N,175.582,,,,,,,,,,592.779,5.868011031,2.376080692,
35,c3,LR_N_ODR,169.878,,,,,,,,,,573.712,5.838619475,2.377200108,
36,a6,W_Y_H,351.647,,,,,,,,,,1189.491,6.49501798,2.382628033,
11,d2,UM_N_N,162.84,,,,,,,,,,552.736,5.805603679,2.394350282,
9,c1,W_Y_KF,266.961,,,,,,,,,,906.338,6.250702047,2.395020246,
8,a2,TF_Y_N,179.308,,,,,,,,,,608.856,5.892671287,2.395587481,
16,d5,TF_Y_H,240.327,,,,,,,,,,816.109,6.156347875,2.395827352,
21,a5,TF_Y_H,265.213,,,,,,,,,,904.061,6.248843508,2.408811031,
2,b2,DR_N_ODR,211.37,,,,,,,,,,721.326,6.04573017,2.412622416,
18,b6,TF_Y_ODR,302.381,,,,,,,,,,1032.999,6.36905272,2.416216627,
8,c3,DR_Y_H,203.55,,,,,,,,,,695.98,6.013729757,2.41920904,
30,c3,TF_N_KF,344.31,,,,,,,,,,1181.786,6.490627891,2.432331329,
1,c6,TF_N_ODR,192.096,,,,,,,,,,659.525,5.965720354,2.433309387,
26,a3,W_Y_ODR,211.278,,,,,,,,,,725.42,6.051433317,2.433485739,
22,c3,DR_Y_H,310.776,,,,,,,,,,1068.051,6.399683532,2.436722913,
38,d1,DR_N_KF,158.953,,,,,,,,,,546.779,5.797183843,2.439878455,
8,b3,DR_Y_ODR,227.033,,,,,,,,,,780.988,6.118050247,2.439975686,
17,c2,LR_Y_N,191.567,,,,,,,,,,659.502,5.965961243,2.442670188,
6,b4,LR_Y_N,240.419,,,,,,,,,,829.748,6.172883717,2.451258012,
30,a1,LR_N_N,214.728,,,,,,,,,,742.233,6.072725999,2.456619537,
34,c2,M_N_N,189.635,,,,,,,,,,655.868,5.961449432,2.458580958,
21,c5,TF_Y_ODR,254.058,,,,,,,,,,880.256,6.226456516,2.464783632,
40,c2,W_N_ODR,205.16,,,,,,,,,,711.919,6.035585125,2.470067265,
36,b6,W_Y_KF,337.939,,,,,,,,,,1174.863,6.486620283,2.476553461,
36,c3,TF_Y_ODR,199.824,,,,,,,,,,694.991,6.014155198,2.478015654,
24,b3,LR_Y_H,226.573,,,,,,,,,,789.36,6.128915772,2.483910263,
2,b5,W_N_ODR,128.271,,,,,,,,,,447.12,5.617412494,2.485745024,
6,b2,M_N_N,211.025,,,,,,,,,,735.678,6.065594862,2.486212534,
8,b1,TF_N_ODR,242.305,,,,,,,,,,852.426,6.199066676,2.51798766,
23,b6,DR_Y_H,195.408,,,,,,,,,,687.585,6.00567649,2.518714689,
2,d5,W_N_N,179.791,,,,,,,,,,632.845,5.93104602,2.519892542,
17,c6,W_Y_N,233.611,,,,,,,,,,822.963,6.167545508,2.522792163,
15,b4,DR_N_ODR,171.327,,,,,,,,,,605.429,5.891579897,2.533762921,
28,b3,W_Y_ODR,259.026,,,,,,,,,,921.38,6.270179702,2.557094655,
5,b3,W_Y_N,243.34,,,,,,,,,,866.755,6.215310389,2.561909263,
28,a1,DR_Y_KF,269.238,,,,,,,,,,959.008,6.306339842,2.561934051,
23,a3,W_N_N,280.347,,,,,,,,,,999.028,6.343179994,2.563540898,
36,c4,TF_N_ODR,308.545,,,,,,,,,,1099.653,6.429563184,2.563995527,
37,c3,TF_N_N,199.41,,,,,,,,,,710.7,6.036714099,2.564013841,
28,c1,DR_Y_H,219.627,,,,,,,,,,783.472,6.124542259,2.567284532,
12,b4,TF_Y_N,183.747,,,,,,,,,,655.5,5.964042322,2.567405182,
35,a2,M_N_N,164.105,,,,,,,,,,585.672,5.862709259,2.568885774,
23,b4,W_Y_H,233.772,,,,,,,,,,834.555,6.181464021,2.569952774,
16,d4,LR_Y_H,156.768,,,,,,,,,,560.487,5.823329348,2.575264085,
27,a6,TF_N_N,217.212,,,,,,,,,,780.827,6.122266231,2.594769166,
40,d3,TF_N_H,303.646,,,,,,,,,,1091.603,6.423816282,2.594985608,
37,a5,UM_Y_KF,129.099,,,,,,,,,,465.566,5.657195915,2.606271156,
10,a3,DR_Y_ODR,255.507,,,,,,,,,,922.415,6.27267025,2.610135926,
16,c3,LR_N_KF,156.929,,,,,,,,,,567.64,5.835908068,2.617177195,
17,d4,DR_N_H,218.914,,,,,,,,,,796.398,6.141231165,2.637949149,
22,c4,DR_N_H,226.389,,,,,,,,,,824.527,6.172584413,2.642080666,
17,d3,DR_Y_H,266.363,,,,,,,,,,973.659,6.322575136,2.655383818,
9,b3,UM_Y_H,221.513,,,,,,,,,,810.267,6.157315695,2.65787561,
35,c4,LR_Y_ODR,241.224,,,,,,,,,,884.074,6.235968173,2.66495042,
32,a2,M_N_N,127.075,,,,,,,,,,465.75,5.659171263,2.665158371,
11,b4,DR_Y_KF,234.577,,,,,,,,,,860.89,6.212188349,2.669967644,
6,d3,LR_N_ODR,254.886,,,,,,,,,,938.975,6.290707216,2.683901823,
36,a2,DR_Y_H,216.246,,,,,,,,,,797.433,6.143756154,2.687619655,
12,c3,TF_N_H,205.344,,,,,,,,,,757.528,6.097591838,2.6890681,
6,a1,M_Y_H,206.793,,,,,,,,,,763.784,6.105113197,2.693471249,
29,c5,DR_Y_ODR,175.651,,,,,,,,,,648.876,5.958391728,2.694120728,
24,a4,LR_N_ODR,293.411,,,,,,,,,,1086.198,6.422281369,2.701967547,
34,c4,DR_Y_N,188.807,,,,,,,,,,699.453,6.026226068,2.70459252,
9,b4,UM_N_H,205.321,,,,,,,,,,761.346,6.102630459,2.708076621,
13,b5,DR_Y_H,225.239,,,,,,,,,,835.36,6.186146564,2.708771572,
38,b5,W_N_ODR,273.171,,,,,,,,,,1013.84,6.360490584,2.711374926,
18,b4,M_N_ODR,104.167,,,,,,,,,,387.205,5.49435473,2.717156105,
11,c4,DR_Y_ODR,192.05,,,,,,,,,,714.058,6.045188616,2.718083832,
28,b2,DR_N_ODR,200.583,,,,,,,,,,747.592,6.086734562,2.727095517,
40,b2,W_Y_KF,210.519,,,,,,,,,,785.082,6.13083058,2.729269092,
23,b5,DR_N_H,177.859,,,,,,,,,,663.895,5.980024894,2.732703996,
15,b3,DR_Y_ODR,250.631,,,,,,,,,,936.974,6.29025736,2.738460127,
19,a1,DR_Y_ODR,310.891,,,,,,,,,,1163.685,6.485402736,2.743064289,
9,b2,W_N_H,220.317,,,,,,,,,,824.688,6.175498391,2.743188224,
6,b1,M_Y_N,246.146,,,,,,,,,,922.024,6.275978768,2.745841899,
14,c2,UM_Y_N,242.144,,,,,,,,,,910.409,6.26494069,2.759783435,
2,c2,DR_N_KF,249.343,,,,,,,,,,937.963,6.291827557,2.761737847,
26,b5,TF_N_N,184.322,,,,,,,,,,694.094,6.020938975,2.765660095,
25,d3,DR_Y_ODR,206.31,,,,,,,,,,777.308,6.122898679,2.767670011,
12,a1,W_N_ODR,183.862,,,,,,,,,,693.013,6.01963021,2.769201901,
6,a2,M_N_H,231.035,,,,,,,,,,871.401,6.22584534,2.771727227,
14,d5,LR_Y_H,224.71,,,,,,,,,,847.826,6.201194358,2.772978506,
19,b3,LR_N_H,149.224,,,,,,,,,,563.247,5.8331734,2.774506782,
16,b2,W_Y_ODR,184.92,,,,,,,,,,698.188,6.026496078,2.775621891,
23,c3,W_N_KF,234.784,,,,,,,,,,887.018,6.241998681,2.778017241,
31,c4,UM_N_ODR,176.594,,,,,,,,,,667.437,5.986059673,2.77949987,
10,c6,M_N_N,181.723,,,,,,,,,,688.206,6.013839857,2.787115555,
26,c4,W_N_KF,168.406,,,,,,,,,,638.158,6.101940363,2.789401803,
11,c3,DR_N_ODR,192.648,,,,,,,,,,730.894,6.068181973,2.793935053,
29,b1,W_N_KF,272.412,,,,,,,,,,1034.218,6.380669302,2.796521445,
27,c4,M_Y_ODR,145.314,,,,,,,,,,551.747,5.815199916,2.796929408,
20,a6,TF_N_N,176.824,,,,,,,,,,673.578,5.995088313,2.809313215,
20,c4,W_N_ODR,272.205,,,,,,,,,,1037.53,6.383942621,2.811575834,
1,b2,LR_N_KF,233.427,,,,,,,,,,890.169,6.246124393,2.813479161,
40,b5,DR_N_KF,260.452,,,,,,,,,,993.761,6.345254877,2.81552455,
31,b4,UM_N_KF,166.957,,,,,,,,,,637.215,5.945333489,2.816641411,
10,b4,DR_N_H,193.775,,,,,,,,,,740.922,6.081225587,2.823620178,
36,d4,TF_N_N,208.587,,,,,,,,,,798.215,6.148342363,2.826772522,
17,b2,LR_Y_KF,237.912,,,,,,,,,,912.226,6.268697681,2.834300077,
4,a5,DR_Y_H,202.423,,,,,,,,,,776.204,6.123379416,2.834564254,
32,a6,LR_N_N,149.155,,,,,,,,,,572.056,5.848738285,2.835312259,
28,c2,DR_N_H,169.303,,,,,,,,,,649.336,5.962781301,2.835348458,
30,a5,UM_N_N,130.525,,,,,,,,,,501.814,5.731073055,2.844581498,
30,b5,UM_N_ODR,221.881,,,,,,,,,,854.151,6.209893873,2.849590546,
18,c2,UM_N_N,156.193,,,,,,,,,,602.048,5.895227934,2.854513326,
38,b2,DR_Y_ODR,247.296,,,,,,,,,,953.212,6.308778734,2.85453869,
19,b6,M_N_H,185.426,,,,,,,,,,716.703,6.052395941,2.865169933,
13,a6,DR_N_ODR,222.41,,,,,,,,,,859.786,6.216231269,2.865770424,
18,c3,M_Y_N,173.834,,,,,,,,,,672.129,5.994640204,2.866499074,
2,a1,DR_Y_H,181.976,,,,,,,,,,706.721,6.040248482,2.88359454,
40,c1,W_Y_ODR,190.923,,,,,,,,,,742.118,6.08432124,2.887001566,
33,c1,W_Y_N,164.956,,,,,,,,,,641.447,5.953158685,2.888594534,
8,c5,LR_Y_H,188.278,,,,,,,,,,732.918,6.073241867,2.892743709,
20,b2,UM_N_KF,131.146,,,,,,,,,,510.6,5.747955384,2.893370747,
32,b4,TF_Y_KF,210.68,,,,,,,,,,821.652,6.176282908,2.9,
8,a4,DR_N_N,163.162,,,,,,,,,,637.353,5.947849305,2.90625881,
14,c5,LR_Y_N,149.132,,,,,,,,,,583.073,5.867829211,2.909777915,
6,a4,LR_Y_H,293.112,,,,,,,,,,1147.769,6.477519858,2.915803515,
1,b4,M_N_KF,168.544,,,,,,,,,,660.882,5.980855622,2.921124454,
30,c5,UM_N_KF,166.405,,,,,,,,,,653.108,5.970300049,2.924809952,
3,b2,M_N_H,138.276,,,,,,,,,,542.846,5.803900501,2.925815037,
34,b3,DR_N_ODR,213.762,,,,,,,,,,839.638,6.196484522,2.92791048,
26,a5,TF_N_ODR,227.654,,,,,,,,,,894.424,6.253397242,2.92887452,
6,c2,M_N_KF,156.469,,,,,,,,,,614.951,5.916256799,2.930177863,
8,b4,DR_N_ODR,239.039,,,,,,,,,,941.183,6.299474923,2.937361686,
25,c1,M_Y_N,236.003,,,,,,,,,,930.373,6.289201129,2.942208362,
31,a1,DR_Y_N,196.949,,,,,,,,,,776.641,6.126683729,2.943360972,
13,c6,DR_N_KF,281.474,,,,,,,,,,1111.774,6.449708209,2.949828403,
36,c2,DR_Y_ODR,232.898,,,,,,,,,,920.276,6.279613566,2.951412206,
23,d4,W_Y_ODR,162.587,,,,,,,,,,642.735,5.956611184,2.953175838,
24,c2,TF_N_N,145.199,,,,,,,,,,574.356,5.855438892,2.955647077,
35,a6,UM_Y_N,213.578,,,,,,,,,,845.618,6.20366751,2.95929356,
34,c1,M_Y_N,230.598,,,,,,,,,,914.02,6.27378486,2.963694395,
11,a3,DR_N_H,246.583,,,,,,,,,,980.076,6.336860255,2.974629232,
23,d3,W_N_ODR,246.399,,,,,,,,,,979.754,6.336606302,2.976290488,
5,a4,W_N_H,195.73,,,,,,,,,,780.436,6.132179122,2.987309048,
9,c5,LR_N_KF,168.268,,,,,,,,,,671.462,5.99690163,2.99043193,
14,d6,LR_N_H,233.197,,,,,,,,,,931.983,6.292126215,2.996547983,
31,a4,UM_N_N,197.409,,,,,,,,,,789.107,6.142374154,2.997320284,
13,d6,DR_N_N,190.486,,,,,,,,,,761.944,6.110915192,3,
7,b2,W_N_KF,238.349,,,,,,,,,,953.442,6.312704996,3.000192994,
2,d4,UM_N_N,163.691,,,,,,,,,,655.96,5.976301761,3.007306449,
36,d2,DR_Y_N,254.564,,,,,,,,,,1020.464,6.374057477,3.008673654,
34,d2,M_N_KF,169.211,,,,,,,,,,678.776,6.007176531,3.011417697,
34,c5,TF_N_N,183.241,,,,,,,,,,735.264,6.079149396,3.012551776,
4,c5,DR_Y_N,266.087,,,,,,,,,,1068.557,6.415682087,3.015818135,
22,c5,LR_Y_H,198.927,,,,,,,,,,799.664,6.154897847,3.019886692,
3,c2,M_N_N,103.914,,,,,,,,,,418.692,5.572779203,3.029216467,
24,b2,TF_N_H,225.86,,,,,,,,,,910.225,6.271700288,3.030040733,
36,c6,W_Y_ODR,246.215,,,,,,,,,,992.611,6.349718331,3.031480617,
16,c2,W_Y_KF,239.936,,,,,,,,,,968.116,6.327314693,3.034892638,
5,a3,W_Y_H,257.186,,,,,,,,,,1038.335,6.390393792,3.037292077,
36,b4,TF_N_KF,127.443,,,,,,,,,,514.809,5.759029038,3.039523552,
17,b4,DR_N_KF,229.126,,,,,,,,,,926.348,6.287822767,3.04296326,
25,d2,M_N_ODR,179.745,,,,,,,,,,727.03,6.069813824,3.044785669,
28,b4,W_N_ODR,205.16,,,,,,,,,,830.07,6.189131018,3.045964126,
25,b1,M_Y_KF,138.506,,,,,,,,,,561.476,5.837477666,3.053802723,
9,d1,W_Y_N,218.615,,,,,,,,,,888.858,6.251206274,3.065860074,
28,b1,DR_Y_ODR,256.887,,,,,,,,,,1045.143,6.397045367,3.068493151,
11,a4,DR_Y_H,240.741,,,,,,,,,,980.375,6.339562985,3.072322537,
3,b5,LR_N_H,184.644,,,,,,,,,,752.928,6.102126641,3.077727952,
1,c4,M_N_ODR,194.718,,,,,,,,,,794.374,6.150399147,3.079612568,
31,c1,DR_Y_ODR,195.638,,,,,,,,,,798.491,6.155097095,3.081471902,
15,d5,UM_N_N,123.579,,,,,,,,,,505.195,5.743256431,3.088032756,
8,c2,TF_Y_H,242.627,,,,,,,,,,992.013,6.350583684,3.088633994,
35,c2,M_N_ODR,217.488,,,,,,,,,,889.64,6.252602519,3.090524535,
13,c2,W_Y_KF,250.01,,,,,,,,,,1022.787,6.378136441,3.090984361,
14,c4,TF_Y_N,196.535,,,,,,,,,,804.149,6.161700522,3.091632534,
11,b6,LR_N_KF,135.884,,,,,,,,,,556.117,5.829798546,3.092586324,
33,b1,W_Y_H,191.291,,,,,,,,,,783.61,6.138531865,3.096429001,
1,a3,M_Y_H,166.589,,,,,,,,,,682.548,6.014279884,3.097197294,
40,d2,W_Y_H,199.341,,,,,,,,,,816.914,6.176032134,3.098073151,
9,a2,W_N_ODR,226.113,,,,,,,,,,928.556,6.291527204,3.106601566,
11,d6,LR_N_N,209.668,,,,,,,,,,861.879,6.224562357,3.110684511,
35,d5,UM_N_H,265.65,,,,,,,,,,1095.812,6.441032955,3.125021645,
29,d4,M_Y_N,184.506,,,,,,,,,,761.645,6.11371237,3.128022937,
25,d4,DR_N_ODR,231.679,,,,,,,,,,957.214,6.319491703,3.131639035,
18,d3,M_Y_KF,176.387,,,,,,,,,,729.583,6.075205094,3.136262877,
26,c6,TF_Y_KF,171.672,,,,,,,,,,711.183,6.325762267,3.142684887,
17,c3,DR_Y_N,224.296,,,,,,,,,,930.028,6.293918032,3.146431501,
12,a2,W_Y_ODR,236.624,,,,,,,,,,981.479,6.342413379,3.147842146,
37,b6,UM_N_ODR,143.198,,,,,,,,,,594.343,5.891033765,3.150497912,
16,c4,LR_Y_KF,149.661,,,,,,,,,,622.219,5.932454847,3.157522668,
6,a3,LR_N_H,297.666,,,,,,,,,,1238.205,6.551820824,3.159712564,
3,c4,UM_N_N,108.33,,,,,,,,,,451.283,5.643576425,3.16581741,
13,a1,W_N_ODR,249.504,,,,,,,,,,1040.083,6.395108302,3.168602507,
28,a4,W_N_KF,204.056,,,,,,,,,,851.368,6.215005021,3.172227232,
28,a6,LR_Y_KF,157.918,,,,,,,,,,658.996,5.984509874,3.173026507,
16,b6,TF_N_ODR,177.583,,,,,,,,,,741.796,6.091130462,3.177179122,
34,b5,TF_N_ODR,174.547,,,,,,,,,,730.894,6.078049038,3.187376466,
19,b5,M_Y_H,201.273,,,,,,,,,,843.571,6.207177852,3.191178151,
33,c4,LR_Y_N,130.778,,,,,,,,,,548.688,5.820179851,3.195568062,
16,d1,W_N_H,201.043,,,,,,,,,,844.997,6.208981196,3.203066011,
17,c4,DR_N_N,138.46,,,,,,,,,,582.314,5.873951674,3.205647841,
22,a3,DR_Y_ODR,243.34,,,,,,,,,,1025.317,6.383311148,3.213516068,
6,d2,M_N_ODR,227.286,,,,,,,,,,957.904,6.322126651,3.214531471,
17,c1,LR_N_N,160.379,,,,,,,,,,676.108,6.00859885,3.215689086,
35,b4,LR_Y_KF,150.949,,,,,,,,,,638.342,5.957179987,3.228858754,
7,a6,M_N_N,166.221,,,,,,,,,,703.133,6.04421424,3.230109312,
4,a6,DR_N_H,230.782,,,,,,,,,,977.04,6.340380239,3.23360574,
40,c3,TF_N_ODR,194.603,,,,,,,,,,824.412,6.187574246,3.236378679,
17,d2,LR_N_H,130.847,,,,,,,,,,554.553,5.830759514,3.238178942,
23,d5,DR_N_ODR,208.587,,,,,,,,,,884.603,6.251103335,3.240930643,
25,b4,DR_N_KF,241.362,,,,,,,,,,1023.776,6.382623244,3.241661902,
26,c3,W_Y_KF,134.711,,,,,,,,,,572.056,5.968272727,3.246542599,
36,a4,TF_N_H,263.626,,,,,,,,,,1119.686,6.463350425,3.247251789,
13,a2,W_Y_ODR,229.747,,,,,,,,,,976.005,6.339769839,3.24817299,
21,a6,TF_N_H,331.683,,,,,,,,,,1409.532,6.670595044,3.249635948,
32,b5,LR_Y_KF,203.918,,,,,,,,,,867.146,6.233435564,3.252424994,
37,c4,TF_Y_N,207.023,,,,,,,,,,880.808,6.247556678,3.254638374,
2,c1,DR_Y_KF,297.367,,,,,,,,,,1265.46,6.573694265,3.25554954,
29,c6,DR_N_ODR,213.233,,,,,,,,,,908.109,6.275125869,3.258763887,
36,c1,DR_N_ODR,213.118,,,,,,,,,,908.822,6.275964655,3.264407511,
26,a6,TF_Y_ODR,153.525,,,,,,,,,,654.902,5.981099264,3.26576779,
30,c6,UM_Y_KF,246.882,,,,,,,,,,1055.194,6.410588866,3.274082355,
16,a6,TF_N_N,133.262,,,,,,,,,,569.779,5.856016855,3.275629962,
30,a2,LR_Y_N,199.226,,,,,,,,,,852.15,6.218318582,3.277303163,
40,a3,TF_N_N,238.763,,,,,,,,,,1022.856,6.382806851,3.283980349,
28,b5,LR_N_ODR,229.586,,,,,,,,,,983.733,6.34772675,3.284812663,
12,d6,M_Y_KF,169.096,,,,,,,,,,724.546,6.072498592,3.284820457,
11,c6,LR_N_ODR,200.123,,,,,,,,,,857.578,6.224218919,3.285254568,
15,c4,DR_N_H,148.074,,,,,,,,,,634.754,5.953466307,3.286735011,
25,c3,DR_Y_N,213.302,,,,,,,,,,914.457,6.282059546,3.287146862,
5,d4,W_N_ODR,270.917,,,,,,,,,,1162.167,6.497860395,3.28975295,
9,d5,LR_N_N,123.832,,,,,,,,,,531.714,5.79421317,3.293833581,
16,b1,W_N_ODR,173.443,,,,,,,,,,744.74,6.097450263,3.293860231,
22,b5,LR_Y_N,186.346,,,,,,,,,,800.515,6.162494754,3.295852876,
9,b1,W_Y_H,269.376,,,,,,,,,,1157.59,6.494484719,3.297301913,
10,c1,TF_Y_N,295.895,,,,,,,,,,1272.958,6.580098139,3.302059852,
24,c5,M_Y_N,186.622,,,,,,,,,,803.344,6.165874498,3.304658615,
28,c3,W_Y_H,242.788,,,,,,,,,,1045.58,6.403108171,3.306555513,
16,b3,LR_N_ODR,145.176,,,,,,,,,,626.98,5.943119962,3.318757921,
34,d6,TF_Y_KF,190.463,,,,,,,,,,822.618,6.187546142,3.319043594,
6,a6,DR_N_H,171.925,,,,,,,,,,742.831,6.095762729,3.320668896,
21,d4,UM_Y_KF,161.759,,,,,,,,,,699.108,6.041194479,3.321910991,
39,a5,UM_N_N,180.711,,,,,,,,,,781.563,6.141605854,3.324933181,
34,d4,DR_Y_KF,216.499,,,,,,,,,,936.698,6.304602332,3.326569638,
2,a2,DR_N_H,204.332,,,,,,,,,,884.258,6.252774263,3.327555155,
24,a5,M_Y_ODR,150.282,,,,,,,,,,650.647,5.9767159,3.329507193,
18,c6,TF_Y_N,212.083,,,,,,,,,,921.311,6.290099885,3.344105845,
14,c1,UM_N_N,222.594,,,,,,,,,,967.955,6.33465065,3.348522422,
21,b1,W_Y_N,202.147,,,,,,,,,,880.647,6.249757349,3.356468313,
5,c6,UM_Y_KF,187.45,,,,,,,,,,816.753,6.181985509,3.357177914,
25,a1,M_Y_H,134.435,,,,,,,,,,585.787,5.882848161,3.357399487,
28,a5,LR_N_KF,175.605,,,,,,,,,,765.394,6.123567018,3.358611657,
14,a6,LR_N_ODR,163.231,,,,,,,,,,712.632,6.059448521,3.365788361,
31,b5,W_Y_KF,161.966,,,,,,,,,,707.825,6.053458244,3.370207327,
21,c2,W_N_ODR,209.139,,,,,,,,,,914.756,6.284357453,3.373914,
38,c6,W_Y_N,160.977,,,,,,,,,,704.996,6.050065979,3.379482783,
6,a5,DR_Y_H,153.18,,,,,,,,,,671.6,6.006501555,3.384384384,
8,c1,TF_N_H,198.789,,,,,,,,,,871.838,6.241379231,3.38574569,
13,d5,DR_Y_N,250.654,,,,,,,,,,1100.343,6.450969878,3.389888053,
28,d1,DR_Y_N,270.388,,,,,,,,,,1190.595,6.522222665,3.40328343,
23,a6,DR_Y_N,246.951,,,,,,,,,,1088.13,6.441296912,3.406258731,
4,c2,TF_N_N,195.615,,,,,,,,,,863.075,6.232886749,3.412110523,
3,b6,LR_Y_H,175.352,,,,,,,,,,775.468,6.13678718,3.422350472,
29,d3,M_N_N,152.283,,,,,,,,,,673.693,6.010200454,3.423954085,
14,b2,UM_Y_KF,147.844,,,,,,,,,,654.672,5.98451858,3.428126945,
9,a5,LR_N_ODR,154.215,,,,,,,,,,682.893,6.022503412,3.428187919,
18,a6,TF_Y_H,173.075,,,,,,,,,,766.613,6.126609608,3.429368771,
36,a3,TF_Y_H,302.082,,,,,,,,,,1339.428,6.628928086,3.433988122,
40,c4,TF_Y_ODR,240.189,,,,,,,,,,1065.475,6.423033377,3.435985828,
35,b3,LR_N_KF,199.778,,,,,,,,,,886.282,6.257314509,3.436334331,
29,c2,W_Y_ODR,299.322,,,,,,,,,,1330.044,6.622815312,3.443522361,
5,c4,W_N_KF,207.529,,,,,,,,,,922.369,6.293418252,3.444530644,
29,c1,W_N_ODR,172.247,,,,,,,,,,765.716,6.125918394,3.445453332,
40,b4,TF_Y_KF,206.586,,,,,,,,,,919.126,6.290351539,3.449120463,
12,d2,W_Y_KF,312.363,,,,,,,,,,1390.442,6.662960364,3.451365879,
29,a5,DR_Y_H,233.542,,,,,,,,,,1039.623,6.401277233,3.451546189,
30,a3,TF_N_N,212.313,,,,,,,,,,945.668,6.316085396,3.45412198,
18,c1,UM_Y_N,165.094,,,,,,,,,,735.793,6.090297328,3.456812483,
40,c6,DR_Y_ODR,212.589,,,,,,,,,,948.451,6.318894055,3.461430272,
2,b1,DR_Y_ODR,167.9,,,,,,,,,,749.708,6.107346941,3.465205479,
18,d1,UM_Y_KF,146.027,,,,,,,,,,652.372,5.982235798,3.467475193,
34,a3,DR_N_H,218.017,,,,,,,,,,974.878,6.343855031,3.471568731,
8,d1,TF_N_KF,249.32,,,,,,,,,,1115.454,6.465143055,3.47398524,
9,c2,W_N_KF,188.324,,,,,,,,,,843.134,6.213309513,3.47703957,
22,b6,LR_N_N,160.034,,,,,,,,,,717.071,6.06763623,3.480741592,
19,c2,DR_N_N,203.987,,,,,,,,,,914.342,6.286399054,3.482354268,
11,b5,LR_Y_KF,209.277,,,,,,,,,,938.446,6.309859442,3.484229036,
20,c3,W_Y_ODR,198.973,,,,,,,,,,892.791,6.265035597,3.486995723,
13,a5,DR_Y_ODR,241.592,,,,,,,,,,1084.151,6.439827436,3.487528561,
8,a1,TF_N_N,194.373,,,,,,,,,,872.321,6.244179576,3.487871258,
11,a2,UM_N_H,204.953,,,,,,,,,,919.839,6.291920586,3.488048479,
5,d5,UM_N_ODR,184.253,,,,,,,,,,827.31,6.196548492,3.490076145,
3,c1,M_Y_N,185.334,,,,,,,,,,834.923,6.205123545,3.504964011,
36,a5,W_N_H,256.312,,,,,,,,,,1154.761,6.49700913,3.505294329,
4,b4,W_Y_KF,232.254,,,,,,,,,,1046.477,6.408401404,3.505743712,
8,c6,LR_N_H,177.675,,,,,,,,,,801.067,6.167948985,3.508608414,
27,a3,M_N_N,204.332,,,,,,,,,,921.932,6.294496856,3.511931562,
5,a5,UM_N_H,189.497,,,,,,,,,,855.14,6.226827879,3.512683578,
15,a3,DR_Y_KF,285.89,,,,,,,,,,1292.393,6.598690106,3.520595334,
4,d2,TF_N_ODR,295.32,,,,,,,,,,1338.738,6.630676707,3.53317757,
19,c4,LR_Y_N,207.575,,,,,,,,,,941.436,6.313857097,3.535401662,
29,b5,DR_Y_KF,226.136,,,,,,,,,,1027.318,6.392593143,3.542921074,
3,d6,LR_Y_KF,162.955,,,,,,,,,,740.324,6.097740519,3.543119266,
17,a5,W_N_ODR,145.153,,,,,,,,,,659.502,5.993706169,3.543495484,
14,b5,LR_Y_KF,149.132,,,,,,,,,,677.902,6.018519553,3.545650833,
13,b1,W_N_H,241.776,,,,,,,,,,1101.838,6.455933806,3.557267884,
15,a2,M_Y_KF,131.928,,,,,,,,,,601.542,5.911270726,3.559623431,
26,d1,LR_N_H,204.815,,,,,,,,,,934.789,6.308110122,3.564065132,
23,b1,UM_Y_H,192.073,,,,,,,,,,878.784,6.252751583,3.575260448,
35,b2,M_N_KF,224.917,,,,,,,,,,1029.848,6.395593353,3.578791287,
16,a4,LR_Y_N,232.438,,,,,,,,,,1065.728,6.42655106,3.58499901,
4,d6,DR_N_ODR,203.32,,,,,,,,,,933.225,6.30716822,3.589932127,
15,a5,UM_N_KF,126.776,,,,,,,,,,582.636,5.88332046,3.595791001,
3,a4,UM_N_ODR,179.078,,,,,,,,,,823.584,6.194883402,3.599023889,
4,d3,W_N_ODR,255.369,,,,,,,,,,1176.036,6.515633784,3.605241827,
38,b6,W_Y_ODR,172.27,,,,,,,,,,793.868,6.162010899,3.608277704,
12,a4,TF_Y_ODR,192.073,,,,,,,,,,886.328,6.261299534,3.614537181,
19,a3,LR_N_ODR,202.653,,,,,,,,,,935.364,6.309786243,3.615594144,
38,a1,DR_N_H,244.996,,,,,,,,,,1131.876,6.481507524,3.619977469,
8,b5,LR_Y_ODR,220.041,,,,,,,,,,1018.095,6.386307124,3.62684227,
2,d2,DR_N_N,157.642,,,,,,,,,,729.905,6.086881725,3.630142982,
37,b2,LR_N_ODR,155.319,,,,,,,,,,719.279,6.073701215,3.630978824,
32,c5,LR_Y_H,153.433,,,,,,,,,,710.861,6.063150512,3.633038525,
32,a4,TF_Y_N,198.49,,,,,,,,,,920.299,6.295624745,3.636500579,
23,c5,DR_N_KF,211.991,,,,,,,,,,983.112,6.355068668,3.63751763,
9,c4,UM_N_KF,198.421,,,,,,,,,,921.472,6.296933288,3.644024574,
21,a3,UM_N_H,216.66,,,,,,,,,,1006.503,6.376404295,3.645541401,
38,a2,DR_Y_H,214.82,,,,,,,,,,998.959,6.36973369,3.650214133,
40,d6,DR_Y_H,165.462,,,,,,,,,,769.879,6.135359204,3.652905199,
20,b4,W_N_KF,269.698,,,,,,,,,,1254.926,6.575101604,3.653078629,
21,d5,TF_Y_KF,167.923,,,,,,,,,,782.161,6.149710048,3.657855088,
14,d1,UM_N_H,228.137,,,,,,,,,,1062.876,6.425739088,3.658937393,
9,c3,UM_Y_KF,241.615,,,,,,,,,,1126.632,6.478253375,3.662922418,
32,c4,TF_Y_H,168.337,,,,,,,,,,785.243,6.153396432,3.664708293,
33,b4,LR_Y_H,136.068,,,,,,,,,,635.536,5.963153261,3.670723462,
2,c4,UM_N_KF,192.418,,,,,,,,,,899.162,6.27549621,3.672961989,
17,a4,DR_N_ODR,185.012,,,,,,,,,,864.639,6.24027001,3.673421183,
26,b3,W_Y_N,169.878,,,,,,,,,,794.328,6.163988421,3.675873274,
4,d5,DR_Y_ODR,242.558,,,,,,,,,,1134.383,6.484720084,3.676749478,
9,a1,W_Y_ODR,221.122,,,,,,,,,,1034.793,6.402085227,3.679737882,
13,c1,W_N_KF,217.258,,,,,,,,,,1017.589,6.387082824,3.683781495,
26,c1,LR_N_KF,133.653,,,,,,,,,,626.06,5.949921524,3.684219584,
21,c3,UM_N_ODR,175.789,,,,,,,,,,823.837,6.197044254,3.686510533,
22,a4,DR_N_ODR,209.576,,,,,,,,,,982.629,6.355722989,3.688652327,
37,d5,UM_Y_H,168.13,,,,,,,,,,788.394,6.157524216,3.689192886,
27,c5,TF_Y_ODR,234.922,,,,,,,,,,1101.723,6.458705243,3.689739573,
1,d4,M_N_N,143.267,,,,,,,,,,671.945,6.01370549,3.690158934,
16,d3,LR_N_H,123.096,,,,,,,,,,577.576,5.877543582,3.692077728,
4,b3,W_N_KF,239.338,,,,,,,,,,1123.021,6.475989977,3.69219681,
15,c3,DR_Y_H,149.868,,,,,,,,,,703.524,6.0551265,3.694290976,
27,c6,TF_N_ODR,257.945,,,,,,,,,,1210.904,6.543847829,3.694427107,
39,d5,UM_N_KF,130.64,,,,,,,,,,613.64,5.932163892,3.697183099,
19,a4,LR_Y_ODR,193.545,,,,,,,,,,909.351,6.286180154,3.698395722,
13,d4,M_N_N,173.075,,,,,,,,,,813.832,6.186381454,3.702192691,
20,b5,TF_Y_KF,225.699,,,,,,,,,,1061.473,6.42549262,3.703046978,
33,c6,UM_Y_N,194.649,,,,,,,,,,916.458,6.293396446,3.708259482,
17,b5,W_N_KF,248.998,,,,,,,,,,1172.563,6.515202744,3.709126178,
25,a4,DR_N_H,251.16,,,,,,,,,,1182.936,6.523145744,3.70989011,
1,d6,TF_N_N,224.756,,,,,,,,,,1058.736,6.423329486,3.710601719,
12,a5,M_N_ODR,134.136,,,,,,,,,,632.477,5.959758435,3.715192044,
38,c4,M_Y_N,147.568,,,,,,,,,,696.095,6.046057237,3.717113466,
29,a6,DR_N_H,292.928,,,,,,,,,,1381.955,6.663261758,3.717729271,
35,d2,M_N_H,189.566,,,,,,,,,,894.332,6.271603346,3.717786945,
10,d3,DR_Y_KF,290.766,,,,,,,,,,1371.95,6.656736482,3.718398988,
37,c6,UM_N_N,143.405,,,,,,,,,,676.867,6.020907519,3.719967923,
15,b2,M_Y_ODR,150.627,,,,,,,,,,711.804,6.066321934,3.725606963,
12,d1,W_N_KF,282.486,,,,,,,,,,1335.265,6.632522154,3.72683602,
4,b5,DR_Y_KF,216.775,,,,,,,,,,1025.064,6.394624334,3.728700265,
35,b1,M_Y_KF,204.838,,,,,,,,,,969.772,6.34483905,3.734336402,
29,b2,W_Y_KF,242.121,,,,,,,,,,1146.596,6.495609072,3.735632184,
30,d5,UM_N_H,188.14,,,,,,,,,,893.113,6.270994476,3.747066015,
4,c1,TF_Y_N,224.618,,,,,,,,,,1067.89,6.4319999,3.754249437,
8,d4,DR_N_KF,225.147,,,,,,,,,,1070.65,6.434345867,3.755337624,
7,c1,W_Y_H,180.067,,,,,,,,,,857.325,6.234484176,3.761144463,
27,a2,UM_N_N,214.245,,,,,,,,,,1020.326,6.391165441,3.762426194,
40,b1,W_N_KF,209.645,,,,,,,,,,1000.638,6.373851513,3.773011519,
24,c1,TF_Y_N,162.104,,,,,,,,,,773.766,6.142445692,3.773269012,
3,b1,M_Y_H,94.093,,,,,,,,,,449.144,5.652915184,3.773405035,
10,b6,M_N_H,144.762,,,,,,,,,,691.334,6.041113963,3.775659358,
18,d5,TF_N_KF,243.708,,,,,,,,,,1166.192,6.51190194,3.785201963,
28,b6,LR_Y_ODR,187.772,,,,,,,,,,902.152,6.281260174,3.804507594,
21,c4,UM_Y_ODR,225.929,,,,,,,,,,1086.796,6.448967118,3.810343072,
18,a3,M_Y_H,173.834,,,,,,,,,,836.234,6.213098396,3.810531887,
31,d3,UM_Y_H,178.02,,,,,,,,,,856.382,6.234526948,3.810594315,
26,b2,LR_Y_N,166.865,,,,,,,,,,804.517,6.178523587,3.821364576,
33,b2,W_N_H,216.729,,,,,,,,,,1045.258,6.414154251,3.822880187,
24,b4,LR_N_H,148.304,,,,,,,,,,715.346,6.07283992,3.823511166,
25,c2,M_N_N,153.916,,,,,,,,,,742.693,6.10664207,3.825313808,
28,c5,LR_N_H,185.035,,,,,,,,,,893.642,6.273250748,3.829583592,
6,c5,DR_Y_KF,179.791,,,,,,,,,,869.906,6.249205653,3.838429065,
30,b2,LR_Y_ODR,184.092,,,,,,,,,,890.79,6.270565146,3.838830585,
5,b1,TF_Y_N,173.834,,,,,,,,,,841.869,6.219814338,3.84294787,
17,a2,LR_Y_ODR,186.852,,,,,,,,,,906.315,6.286355242,3.850443131,
18,b5,TF_N_ODR,175.398,,,,,,,,,,852.196,6.23111078,3.85864149,
23,c6,DR_Y_KF,170.729,,,,,,,,,,830.254,6.207723928,3.862993399,
13,b4,M_N_H,131.1,,,,,,,,,,638.296,5.971206087,3.86877193,
24,d4,LR_N_KF,230.414,,,,,,,,,,1123.159,6.479912761,3.874525853,
23,a2,UM_N_N,126.868,,,,,,,,,,618.516,5.943008343,3.875271936,
14,b3,TF_N_KF,153.962,,,,,,,,,,751.272,6.118097188,3.879593666,
18,d2,UM_N_KF,204.516,,,,,,,,,,998.2,6.373889036,3.880791723,
36,b3,TF_Y_KF,248.009,,,,,,,,,,1211.686,6.548421554,3.885653343,
39,b2,LR_N_ODR,125.304,,,,,,,,,,612.582,5.934608533,3.88876652,
5,c5,UM_N_KF,149.017,,,,,,,,,,728.686,6.090836873,3.889952153,
40,b3,TF_N_KF,145.084,,,,,,,,,,710.378,6.068065934,3.896322131,
5,c3,W_Y_KF,230.23,,,,,,,,,,1127.506,6.483855512,3.897302697,
31,c6,W_N_ODR,190.624,,,,,,,,,,935.157,6.260316648,3.905767375,
24,a1,TF_Y_ODR,242.052,,,,,,,,,,1190.089,6.532868115,3.916666667,
33,d5,UM_N_KF,215.372,,,,,,,,,,1059.38,6.428202434,3.918838103,
10,a4,DR_N_ODR,195.247,,,,,,,,,,962.067,6.341657552,3.927435505,
39,a2,LR_N_N,115.644,,,,,,,,,,570.446,5.87136686,3.932776452,
15,a1,M_N_KF,90.436,,,,,,,,,,446.292,5.650509204,3.934893184,
36,b1,DR_N_KF,244.95,,,,,,,,,,1208.811,6.5472871,3.934929577,
25,c5,UM_Y_N,170.66,,,,,,,,,,844.468,6.224739516,3.948247978,
30,c4,TF_Y_KF,218.868,,,,,,,,,,1083.898,6.449472201,3.952290879,
20,c2,UM_N_ODR,217.304,,,,,,,,,,1078.378,6.44508361,3.962531753,
14,a3,TF_N_ODR,146.05,,,,,,,,,,724.845,6.087562936,3.962992126,
7,b5,M_Y_KF,166.704,,,,,,,,,,828.046,6.20744673,3.967163355,
31,c5,W_Y_ODR,149.431,,,,,,,,,,743.268,6.110373205,3.973987994,
11,d4,DR_Y_N,226.389,,,,,,,,,,1127.552,6.485578714,3.980595347,
12,a6,M_Y_ODR,144.44,,,,,,,,,,719.486,6.081250649,3.981210191,
4,a2,TF_N_H,211.508,,,,,,,,,,1054.09,6.425006832,3.98368856,
26,a4,W_N_ODR,171.626,,,,,,,,,,856.106,6.237862431,3.988206915,
6,d4,LR_Y_ODR,234.094,,,,,,,,,,1168.745,6.518113528,3.992631165,
22,d5,LR_Y_KF,211.278,,,,,,,,,,1055.01,6.425988044,3.993468321,
19,d4,LR_Y_KF,164.312,,,,,,,,,,821.284,6.200692263,3.998320269,
3,a5,LR_N_ODR,205.183,,,,,,,,,,1026.49,6.401510268,4.002802376,
15,d6,UM_Y_N,94.806,,,,,,,,,,474.812,5.707735666,4.008248423,
18,d4,M_N_KF,205.091,,,,,,,,,,1028.537,6.403547305,4.015027476,
7,c2,W_N_H,143.727,,,,,,,,,,720.843,6.083629794,4.015362458,
36,b5,W_N_KF,274.666,,,,,,,,,,1379.471,6.66789979,4.022358064,
33,d2,W_N_KF,253.874,,,,,,,,,,1276.868,6.598481675,4.029534336,
29,c4,M_Y_ODR,109.319,,,,,,,,,,550.758,5.84186849,4.038081212,
20,a2,UM_N_N,140.714,,,,,,,,,,708.975,6.069147319,4.038411246,
17,a6,W_Y_ODR,254.127,,,,,,,,,,1281.077,6.601672995,4.041089691,
5,a2,TF_N_H,225.883,,,,,,,,,,1139.259,6.496131613,4.043580083,
11,b3,DR_N_KF,226.32,,,,,,,,,,1141.789,6.498156617,4.045020325,
29,b4,M_Y_KF,144.141,,,,,,,,,,727.628,6.09271073,4.04802936,
27,d2,UM_N_H,187.427,,,,,,,,,,946.151,6.329063232,4.048104062,
37,d2,LR_N_H,146.464,,,,,,,,,,739.473,6.107259804,4.04883794,
24,d5,M_Y_KF,188.6,,,,,,,,,,952.292,6.334908873,4.049268293,
3,a2,M_N_ODR,118.335,,,,,,,,,,598.529,5.91712302,4.057920311,
14,d4,TF_Y_H,183.977,,,,,,,,,,930.718,6.314475256,4.05888236,
11,b1,UM_Y_KF,167.394,,,,,,,,,,847.734,6.230531876,4.06430338,
28,a3,W_Y_KF,213.164,,,,,,,,,,1080.632,6.449095152,4.069486405,
13,a3,M_Y_ODR,141.496,,,,,,,,,,718.727,6.082254447,4.079486346,
30,b1,LR_N_ODR,181.125,,,,,,,,,,920.345,6.30482986,4.081269841,
2,b6,W_Y_ODR,169.027,,,,,,,,,,859.28,6.243088983,4.083684855,
6,d5,DR_Y_ODR,211.83,,,,,,,,,,1077.458,6.446781435,4.086427796,
27,b6,TF_N_KF,234.232,,,,,,,,,,1191.676,6.537484791,4.087588374,
34,c6,TF_Y_N,192.878,,,,,,,,,,981.732,6.363112572,4.089911758,
21,c6,TF_N_ODR,193.108,,,,,,,,,,983.043,6.364327901,4.090638399,
33,b3,LR_N_H,104.65,,,,,,,,,,533.117,5.813678767,4.094285714,
16,c5,TF_Y_KF,145.176,,,,,,,,,,740.876,6.11003859,4.103295311,
17,b3,DR_Y_KF,215.947,,,,,,,,,,1103.862,6.469066918,4.111726488,
21,d3,UM_N_KF,110.193,,,,,,,,,,563.293,5.863576582,4.111876435,
27,d5,TF_Y_H,256.749,,,,,,,,,,1312.863,6.625155632,4.113410374,
30,d3,TF_N_H,171.833,,,,,,,,,,879.267,6.264436298,4.116985678,
11,c2,UM_N_ODR,121.187,,,,,,,,,,620.448,5.950708317,4.11975707,
4,d4,W_Y_ODR,237.13,,,,,,,,,,1214.17,6.554955143,4.120271581,
40,a1,W_N_N,177.836,,,,,,,,,,910.777,6.296211904,4.121443352,
5,b6,UM_Y_N,150.696,,,,,,,,,,772.179,6.147689932,4.124084249,
37,b3,TF_N_ODR,190.992,,,,,,,,,,979.041,6.361350367,4.126083815,
15,c2,M_Y_H,140.76,,,,,,,,,,721.97,6.087277956,4.129084967,
37,a3,TF_N_KF,224.342,,,,,,,,,,1150.759,6.506859836,4.129485339,
37,b1,LR_Y_ODR,152.398,,,,,,,,,,782.207,6.159469859,4.132659221,
31,a3,UM_Y_N,241.799,,,,,,,,,,1241.218,6.575037754,4.133263578,
30,a4,TF_Y_N,192.556,,,,,,,,,,989.736,6.371399539,4.139990444,
28,a2,DR_N_KF,184.437,,,,,,,,,,948.704,6.333366049,4.143783514,
11,b2,UM_N_KF,203.619,,,,,,,,,,1049.007,6.423974221,4.151812945,
21,a1,W_Y_H,233.335,,,,,,,,,,1203.13,6.547434254,4.156234598,
7,c3,UM_N_H,95.036,,,,,,,,,,490.337,5.739667333,4.159486931,
6,c3,LR_N_KF,171.396,,,,,,,,,,884.327,6.270429237,4.159554482,
27,b2,UM_N_KF,176.87,,,,,,,,,,914.917,6.301291851,4.172821847,
1,a4,M_N_H,116.035,,,,,,,,,,600.484,5.92234681,4.175024777,
3,b4,UM_N_H,145.199,,,,,,,,,,751.709,6.124538759,4.177094884,
19,a2,DR_N_ODR,245.042,,,,,,,,,,1269.853,6.596513462,4.182185095,
31,a5,W_Y_N,159.183,,,,,,,,,,824.918,6.208278539,4.182199104,
24,a3,LR_Y_ODR,195.109,,,,,,,,,,1014.346,6.394643511,4.198868325,
17,a3,DR_Y_ODR,255.277,,,,,,,,,,1327.284,6.636655105,4.199387332,
7,a1,W_Y_N,272.734,,,,,,,,,,1418.939,6.696814992,4.202648001,
16,c6,TF_N_KF,259.279,,,,,,,,,,1350.054,6.6521094,4.20695467,
14,a4,TF_Y_ODR,184.575,,,,,,,,,,961.101,6.346273914,4.207102804,
33,a3,LR_N_ODR,188.416,,,,,,,,,,982.56,6.366296182,4.21484375,
34,a4,DR_Y_H,184.828,,,,,,,,,,964.275,6.349433957,4.217147835,
14,a1,UM_N_ODR,198.881,,,,,,,,,,1037.599,6.415394004,4.217185151,
25,d5,UM_Y_ODR,140.76,,,,,,,,,,734.436,6.104397226,4.217647059,
4,a4,W_Y_H,288.213,,,,,,,,,,1503.855,6.749417111,4.217859708,
38,b1,DR_N_ODR,191.498,,,,,,,,,,999.718,6.381985503,4.220514052,
25,b2,M_N_KF,171.925,,,,,,,,,,898.84,6.28639921,4.228093645,
25,a3,DR_Y_H,252.448,,,,,,,,,,1320.108,6.632348302,4.229227405,
12,a3,TF_N_ODR,195.27,,,,,,,,,,1021.43,6.401520564,4.230859835,
32,d5,LR_Y_ODR,159.758,,,,,,,,,,836.418,6.221762471,4.235531241,
4,a3,W_N_H,176.41,,,,,,,,,,923.864,6.311283792,4.237027379,
4,b2,TF_N_KF,145.59,,,,,,,,,,762.634,6.138698786,4.238230648,
6,d6,DR_N_ODR,208.679,,,,,,,,,,1093.857,6.463385543,4.241816378,
8,a3,DR_Y_N,176.594,,,,,,,,,,926.164,6.313665994,4.244594947,
13,d2,W_Y_N,174.179,,,,,,,,,,913.583,6.30136588,4.24508121,
9,b6,LR_Y_H,156.469,,,,,,,,,,820.893,6.205106981,4.246361899,
26,d2,LR_Y_H,145.59,,,,,,,,,,764.359,6.140958129,4.250078989,
26,a2,LR_Y_ODR,125.005,,,,,,,,,,657.202,6.005156056,4.257405704,
29,b3,M_N_KF,152.835,,,,,,,,,,803.643,6.18621925,4.258239278,
33,a2,W_N_ODR,192.004,,,,,,,,,,1009.838,6.39179358,4.259463345,
35,d6,UM_Y_H,266.455,,,,,,,,,,1401.712,6.686929088,4.260595598,
31,b3,UM_Y_KF,144.279,,,,,,,,,,759.667,6.135705287,4.265263829,
9,c6,LR_Y_KF,185.242,,,,,,,,,,975.384,6.360664932,4.265458157,
18,b3,M_Y_ODR,140.737,,,,,,,,,,741.681,6.114229942,4.269978755,
33,d3,LR_N_KF,127.236,,,,,,,,,,671.554,6.024990067,4.2780188,
7,a4,UM_Y_N,165.117,,,,,,,,,,871.792,6.259885432,4.279843989,
12,c6,M_Y_H,145.82,,,,,,,,,,770.132,6.14832463,4.281388013,
15,d1,M_N_N,103.753,,,,,,,,,,548.136,5.842322124,4.28308579,
27,a4,M_Y_N,292.974,,,,,,,,,,1547.808,6.776586629,4.283089967,
36,a1,DR_N_H,209.415,,,,,,,,,,1106.668,6.474677185,4.284568918,
35,a3,LR_N_N,127.903,,,,,,,,,,676.062,6.031157571,4.285739975,
2,d3,UM_Y_N,142.577,,,,,,,,,,753.687,6.128988942,4.28617519,
9,a4,UM_N_ODR,221.283,,,,,,,,,,1171.252,6.525884299,4.293004885,
7,c4,UM_Y_H,121.509,,,,,,,,,,643.816,5.987414138,4.298504638,
1,b1,LR_Y_KF,200.629,,,,,,,,,,1063.129,6.438825982,4.298979709,
14,b6,LR_N_KF,147.913,,,,,,,,,,784.346,6.165187823,4.302752294,
35,b5,UM_N_KF,206.862,,,,,,,,,,1096.962,6.467094629,4.302868579,
13,b3,M_Y_H,174.064,,,,,,,,,,923.059,6.31175085,4.302986258,
14,a2,UM_Y_ODR,178.641,,,,,,,,,,947.6,6.335394652,4.304493369,
10,a6,M_N_ODR,176.226,,,,,,,,,,934.904,6.323267124,4.305142261,
26,c5,TF_N_KF,140.438,,,,,,,,,,745.89,6.07245317,4.311169342,
30,c2,LR_Y_KF,143.014,,,,,,,,,,759.575,6.136464814,4.31119331,
38,a5,W_N_H,156.998,,,,,,,,,,833.934,6.220530956,4.311749194,
11,d1,UM_Y_N,158.677,,,,,,,,,,843.847,6.23128413,4.318017104,
17,b6,W_Y_KF,219.374,,,,,,,,,,1166.859,6.522992999,4.319039631,
21,d6,TF_N_KF,198.973,,,,,,,,,,1058.805,6.435579279,4.321350133,
3,d5,LR_N_KF,210.082,,,,,,,,,,1117.938,6.484491403,4.321436392,
7,d2,W_N_ODR,151.984,,,,,,,,,,810.244,6.194957912,4.331113801,
27,d6,TF_N_H,244.444,,,,,,,,,,1308.309,6.626592118,4.352182913,
35,c1,M_Y_ODR,172.546,,,,,,,,,,924.255,6.313921621,4.356571581,
8,d3,DR_Y_KF,146.257,,,,,,,,,,783.518,6.165257501,4.357131624,
5,d3,W_Y_ODR,115.414,,,,,,,,,,618.378,5.952247355,4.357911519,
38,d2,DR_Y_KF,242.236,,,,,,,,,,1298.488,6.619964544,4.36042537,
8,b6,LR_N_ODR,150.167,,,,,,,,,,805,6.189667477,4.360698422,
35,d1,M_Y_H,171.741,,,,,,,,,,920.805,6.310649535,4.361591,
38,d6,W_Y_KF,220.731,,,,,,,,,,1183.81,6.536798853,4.363134313,
21,c1,W_Y_ODR,197.938,,,,,,,,,,1064.877,6.441819193,4.379851267,
16,a2,W_Y_N,171.557,,,,,,,,,,923.519,6.313699816,4.383161282,
32,c2,M_N_H,133.584,,,,,,,,,,719.302,6.088808248,4.384641873,
34,b4,DR_Y_ODR,136.85,,,,,,,,,,737.403,6.111246011,4.388403361,
37,c5,UM_Y_N,165.37,,,,,,,,,,892.17,6.282838159,4.394993046,
28,c6,LR_Y_H,155.503,,,,,,,,,,841.639,6.230684679,4.412365035,
32,d3,TF_N_ODR,145.958,,,,,,,,,,790.579,6.174433697,4.416482824,
13,c4,M_N_KF,170.453,,,,,,,,,,923.68,6.314519731,4.418971799,
40,d1,W_N_H,152.513,,,,,,,,,,826.666,6.21467576,4.420298597,
8,b2,TF_Y_ODR,159.643,,,,,,,,,,865.996,6.256586282,4.424578591,
16,a5,TF_Y_N,173.696,,,,,,,,,,943.621,6.333993938,4.432600636,
8,d2,TF_Y_KF,211.37,,,,,,,,,,1148.505,6.51085536,4.433623504,
38,c2,DR_Y_N,150.558,,,,,,,,,,818.34,6.205843059,4.435380385,
14,b4,TF_Y_KF,179.423,,,,,,,,,,975.591,6.364068827,4.437379823,
22,b2,M_Y_N,119.14,,,,,,,,,,648.278,5.996289689,4.441312741,
31,d5,W_Y_H,198.72,,,,,,,,,,1082.334,6.45768542,4.446527778,
32,b6,LR_N_KF,156.101,,,,,,,,,,850.218,6.240442464,4.446589067,
2,b3,UM_Y_ODR,138.897,,,,,,,,,,756.516,6.135350418,4.446597119,
18,d6,TF_Y_KF,247.296,,,,,,,,,,1348.191,6.655460373,4.451729911,
27,b3,M_N_KF,192.349,,,,,,,,,,1048.662,6.429339202,4.451871338,
35,b6,UM_Y_KF,170.315,,,,,,,,,,929.384,6.320757035,4.456853477,
10,b1,TF_Y_H,134.688,,,,,,,,,,735.356,6.110058636,4.459699454,
10,b2,TF_N_H,134.987,,,,,,,,,,737.357,6.112554323,4.462429715,
38,b3,M_N_ODR,136.758,,,,,,,,,,747.155,6.124451366,4.463336697,
6,c4,LR_Y_KF,215.165,,,,,,,,,,1176.657,6.533292128,4.468626403,
37,d6,UM_N_H,168.912,,,,,,,,,,925.957,6.31789001,4.481889978,
2,a4,UM_N_H,134.113,,,,,,,,,,735.586,6.110799188,4.4848225,
1,b6,TF_N_KF,185.84,,,,,,,,,,1021.154,6.40620003,4.49480198,
30,d4,TF_Y_H,237.82,,,,,,,,,,1310.885,6.631306352,4.512088975,
3,c6,LR_Y_N,159.068,,,,,,,,,,877.887,6.270584705,4.518941585,
26,a1,LR_N_ODR,159.712,,,,,,,,,,881.774,6.274598568,4.521025346,
12,c5,M_N_H,158.171,,,,,,,,,,874.414,6.267186275,4.528282681,
1,d5,TF_Y_N,177.905,,,,,,,,,,983.687,6.373182787,4.529282482,
10,b5,M_Y_H,142.508,,,,,,,,,,788.072,6.173649642,4.530019367,
27,c2,UM_N_ODR,198.329,,,,,,,,,,1098.48,6.472689958,4.538675635,
32,b2,M_N_KF,127.627,,,,,,,,,,706.951,6.076050162,4.539196252,
23,a1,UM_Y_N,175.467,,,,,,,,,,972.739,6.363370705,4.543714773,
11,c5,LR_Y_ODR,129.329,,,,,,,,,,718.313,6.090669453,4.554152588,
39,b5,UM_N_ODR,112.815,,,,,,,,,,627.21,5.968706482,4.559633028,
30,d6,UM_Y_H,265.144,,,,,,,,,,1474.622,6.738129657,4.561589174,
2,d1,DR_Y_N,241.592,,,,,,,,,,1347.271,6.657111309,4.576637471,
27,d1,UM_Y_H,195.247,,,,,,,,,,1089.303,6.465866779,4.579102368,
8,a5,LR_Y_N,187.105,,,,,,,,,,1044.062,6.427707158,4.580086048,
35,a1,M_Y_N,228.873,,,,,,,,,,1277.19,6.609100905,4.580343684,
7,b3,UM_N_KF,137.195,,,,,,,,,,766.36,6.149511706,4.585917854,
1,b5,TF_Y_KF,176.18,,,,,,,,,,984.4,6.374881699,4.587467363,
5,c1,TF_Y_KF,185.61,,,,,,,,,,1038.036,6.422720975,4.592565056,
1,a1,LR_Y_H,163.208,,,,,,,,,,913.054,6.307292478,4.594419391,
29,d5,DR_Y_N,189.474,,,,,,,,,,1060.53,6.442098881,4.597232338,
40,d4,TF_Y_H,154.491,,,,,,,,,,864.777,6.258458086,4.597588209,
19,d2,DR_N_KF,166.497,,,,,,,,,,932.351,6.326211624,4.599806603,
18,b1,UM_Y_ODR,93.081,,,,,,,,,,521.479,5.803321997,4.602421547,
13,d1,W_N_N,185.771,,,,,,,,,,1040.957,6.425444288,4.603441872,
35,c5,UM_N_ODR,118.174,,,,,,,,,,662.561,6.018896818,4.606656286,
24,d2,TF_N_KF,142.324,,,,,,,,,,798.192,6.186538555,4.608274079,
27,d3,M_N_H,160.425,,,,,,,,,,900.243,6.294882073,4.611612903,
23,c4,W_Y_KF,210.128,,,,,,,,,,1179.302,6.53790633,4.612302977,
10,d5,M_Y_KF,127.213,,,,,,,,,,714.633,6.08718284,4.617609835,
22,d6,LR_N_KF,111.044,,,,,,,,,,624.105,5.965325972,4.620339685,
33,a1,W_Y_ODR,201.963,,,,,,,,,,1135.878,6.504352748,4.624188589,
3,d4,UM_N_KF,187.381,,,,,,,,,,1054.918,6.43790392,4.629802381,
15,a4,DR_N_KF,182.528,,,,,,,,,,1027.824,6.414508867,4.631048387,
11,a5,LR_Y_H,157.757,,,,,,,,,,890.997,6.286235473,4.647907858,
22,d2,M_Y_KF,157.642,,,,,,,,,,890.56,6.285817814,4.649255909,
4,d1,TF_Y_ODR,309.58,,,,,,,,,,1749.794,6.893731692,4.652154532,
37,a4,TF_Y_KF,166.773,,,,,,,,,,943.092,6.337500478,4.654944146,
36,d3,TF_Y_N,202.469,,,,,,,,,,1145.377,6.512430441,4.657048733,
34,a1,M_Y_H,195.063,,,,,,,,,,1103.701,6.479092098,4.658177102,
35,c6,UM_Y_ODR,174.593,,,,,,,,,,988.034,6.379471355,4.659069951,
19,d6,M_N_KF,176.663,,,,,,,,,,1000.454,6.39078478,4.663064705,
22,d4,DR_Y_KF,230.092,,,,,,,,,,1303.663,6.629085351,4.665833667,
2,d6,W_Y_N,174.087,,,,,,,,,,987.459,6.37917946,4.672215616,
6,c6,DR_N_KF,239.2,,,,,,,,,,1357.552,6.665708355,4.675384615,
29,a2,W_Y_H,225.285,,,,,,,,,,1279.513,6.612498189,4.679530373,
15,b6,UM_Y_ODR,152.72,,,,,,,,,,867.491,6.262744519,4.680271084,
33,d1,W_Y_KF,197.938,,,,,,,,,,1124.746,6.496517126,4.682314664,
24,d3,LR_Y_KF,191.406,,,,,,,,,,1088.912,6.467494629,4.689017063,
36,b2,DR_Y_KF,281.842,,,,,,,,,,1606.78,6.817852792,4.700995593,
39,c5,UM_N_H,82.386,,,,,,,,,,469.798,5.711161263,4.702400893,
13,a4,M_N_ODR,113.045,,,,,,,,,,646.093,5.998164859,4.715361139,
38,b4,M_Y_ODR,84.341,,,,,,,,,,483.092,5.736720301,4.727842923,
22,a1,M_N_ODR,135.424,,,,,,,,,,776.181,6.163544681,4.731487772,
33,d4,LR_Y_KF,124.936,,,,,,,,,,717.048,6.092362623,4.739322533,
39,d4,M_N_KF,154.238,,,,,,,,,,885.5,6.282302771,4.741127349,
23,d2,UM_N_ODR,94.047,,,,,,,,,,540.063,5.837306334,4.742479824,
24,b6,M_N_H,162.357,,,,,,,,,,932.926,6.329346122,4.74613968,
19,d3,LR_N_KF,197.386,,,,,,,,,,1135.096,6.505956388,4.750640876,
20,c5,TF_Y_ODR,159.137,,,,,,,,,,915.377,6.312359456,4.752131811,
3,d1,M_Y_KF,145.567,,,,,,,,,,837.66,6.232548644,4.75446358,
30,d1,LR_N_H,132.181,,,,,,,,,,760.748,6.14588494,4.755350618,
34,a2,M_N_H,126.109,,,,,,,,,,727.214,6.105506133,4.766551158,
34,b6,TF_Y_ODR,173.719,,,,,,,,,,1004.985,6.39698399,4.785118496,
23,d6,DR_Y_ODR,176.456,,,,,,,,,,1020.993,6.411223807,4.786105318,
27,b5,TF_Y_KF,234.186,,,,,,,,,,1355.298,6.666165068,4.787271656,
20,a1,UM_Y_N,208.932,,,,,,,,,,1209.409,6.563686206,4.788529282,
30,b4,TF_Y_ODR,173.581,,,,,,,,,,1004.916,6.3969948,4.78932026,
38,a4,M_Y_H,170.246,,,,,,,,,,986.861,6.380804754,4.796676574,
32,b3,TF_N_KF,139.104,,,,,,,,,,806.794,6.199546184,4.799933862,
29,c3,M_N_ODR,132.779,,,,,,,,,,770.983,6.158797715,4.806513078,
22,a5,LR_Y_ODR,148.235,,,,,,,,,,861.12,6.258353982,4.809154383,
27,b1,UM_Y_KF,176.732,,,,,,,,,,1027.088,6.417019447,4.811556481,
20,d3,W_Y_H,212.957,,,,,,,,,,1238.849,6.585828975,4.817366886,
3,d3,UM_Y_KF,109.342,,,,,,,,,,636.18,5.986033484,4.818258309,
20,c6,TF_N_ODR,152.651,,,,,,,,,,888.766,6.287018557,4.822208829,
23,d1,UM_Y_ODR,114.54,,,,,,,,,,669.461,6.0323805,4.844779116,
21,d1,W_Y_KF,242.443,,,,,,,,,,1417.536,6.707598769,4.846883597,
35,d3,LR_N_H,161.253,,,,,,,,,,944.104,6.341938874,4.854799601,
25,b6,UM_N_KF,205.229,,,,,,,,,,1203.038,6.56019266,4.861929844,
26,b6,TF_Y_N,129.605,,,,,,,,,,761.208,6.148457509,4.873291925,
21,d2,W_N_KF,186.231,,,,,,,,,,1094.202,6.475081826,4.875509448,
10,d4,DR_N_KF,213.877,,,,,,,,,,1258.583,6.601201656,4.884611249,
19,c5,M_Y_N,129.766,,,,,,,,,,764.152,6.152193439,4.888691953,
14,d3,TF_N_H,147.798,,,,,,,,,,870.55,6.269540548,4.890133831,
32,d1,M_Y_ODR,193.729,,,,,,,,,,1142.341,6.514188917,4.896592663,
24,a2,TF_N_ODR,150.052,,,,,,,,,,884.856,6.28432673,4.896995708,
37,b4,TF_Y_ODR,188.025,,,,,,,,,,1109.037,6.487589857,4.898348624,
29,a3,M_N_H,196.788,,,,,,,,,,1165.617,6.532793139,4.923211781,
5,d2,TF_N_ODR,188.784,,,,,,,,,,1118.996,6.496126783,4.927387914,
30,b6,UM_Y_ODR,162.173,,,,,,,,,,962.435,6.360600165,4.934619203,
39,c3,M_Y_H,92.161,,,,,,,,,,547.63,5.853246172,4.942101323,
25,a5,UM_Y_H,211.945,,,,,,,,,,1262.056,6.604864735,4.954639175,
30,b3,TF_N_ODR,188.048,,,,,,,,,,1120.1,6.497503521,4.956457926,
1,c5,TF_Y_ODR,207.437,,,,,,,,,,1236.48,6.586541144,4.960749529,
25,a2,M_N_H,145.383,,,,,,,,,,866.801,6.266872259,4.962189527,
38,a6,W_Y_H,203.527,,,,,,,,,,1213.641,6.569800344,4.963046672,
10,d2,TF_N_KF,282.095,,,,,,,,,,1683.6,6.864465248,4.968202201,
28,d3,W_Y_N,169.947,,,,,,,,,,1017.612,6.411665323,4.987819732,
29,d2,W_Y_N,148.971,,,,,,,,,,892.607,6.293771229,4.991817199,
18,a2,UM_N_H,190.463,,,,,,,,,,1141.536,6.515184208,4.993479048,
15,c6,UM_Y_H,135.953,,,,,,,,,,815.442,6.212499374,4.997969887,
7,d3,UM_N_ODR,110.929,,,,,,,,,,665.804,6.030106297,5.002073398,
22,c1,M_N_H,95.519,,,,,,,,,,573.321,5.895513251,5.002167108,
30,d2,LR_Y_H,150.489,,,,,,,,,,904.659,6.306169078,5.011462632,
9,d3,UM_Y_N,153.088,,,,,,,,,,922.806,6.324317736,5.027944712,
2,c3,UM_Y_KF,127.834,,,,,,,,,,772.34,6.164351613,5.041741634,
12,d4,TF_Y_KF,197.34,,,,,,,,,,1193.976,6.55655138,5.05034965,
29,a1,W_N_H,205.045,,,,,,,,,,1240.712,6.591117741,5.050925407,
20,d2,UM_N_H,166.888,,,,,,,,,,1010.229,6.406200024,5.053335171,
32,d6,LR_N_ODR,166.451,,,,,,,,,,1009.171,6.405414384,5.062871356,
40,a2,W_Y_N,203.228,,,,,,,,,,1232.478,6.585349206,5.064508828,
39,b3,M_Y_ODR,164.312,,,,,,,,,,996.682,6.394255056,5.065789474,
24,b5,M_Y_H,124.085,,,,,,,,,,752.79,6.141689623,5.066728452,
2,c5,W_N_KF,187.312,,,,,,,,,,1139.512,6.515077812,5.083497053,
38,a3,M_N_H,150.719,,,,,,,,,,917.7,6.320328822,5.088814284,
5,c2,TF_N_KF,185.863,,,,,,,,,,1132.52,6.509699533,5.093305284,
28,d6,LR_Y_N,182.229,,,,,,,,,,1111.061,6.49254428,5.097059195,
14,b1,UM_N_KF,166.175,,,,,,,,,,1014.323,6.410672529,5.103944637,
27,b4,M_Y_KF,175.122,,,,,,,,,,1069.178,6.458097121,5.105332283,
15,b1,M_N_ODR,136.068,,,,,,,,,,832.301,6.232878678,5.116801893,
2,a5,W_N_H,172.155,,,,,,,,,,1053.791,6.445309894,5.121175685,
30,a6,UM_Y_N,178.089,,,,,,,,,,1090.246,6.475930295,5.12191657,
34,b2,M_N_ODR,133.952,,,,,,,,,,820.18,6.219775676,5.12293956,
27,d4,M_Y_H,182.39,,,,,,,,,,1117.271,6.498029659,5.125725095,
35,d4,LR_Y_H,135.056,,,,,,,,,,828.506,6.229055128,5.134536785,
13,d3,M_Y_N,155.066,,,,,,,,,,951.28,6.353423363,5.134678137,
18,a4,M_N_H,111.55,,,,,,,,,,684.894,6.05781679,5.139793814,
17,d1,LR_Y_H,87.423,,,,,,,,,,537.096,5.839101009,5.143646409,
22,d1,M_N_KF,169.51,,,,,,,,,,1043.809,6.437340609,5.1578019,
32,c1,M_Y_H,125.419,,,,,,,,,,773.145,6.167300599,5.164496607,
37,a2,LR_N_KF,175.835,,,,,,,,,,1084.542,6.471958452,5.16795291,
10,c5,M_Y_N,147.338,,,,,,,,,,909.167,6.313255869,5.170621293,
22,c6,LR_N_H,125.166,,,,,,,,,,773.904,6.168483749,5.183020948,
25,b3,DR_Y_KF,248.814,,,,,,,,,,1543.553,6.790171618,5.203642078,
21,a4,UM_Y_H,216.821,,,,,,,,,,1346.098,6.667058103,5.208337753,
26,d3,W_Y_H,144.831,,,,,,,,,,901.301,6.306282521,5.223122122,
5,a6,UM_Y_H,167.992,,,,,,,,,,1048.087,6.442330241,5.238910186,
5,d6,UM_Y_ODR,166.658,,,,,,,,,,1041.21,6.436544397,5.247584874,
37,b5,UM_Y_ODR,177.169,,,,,,,,,,1107.588,6.492229549,5.251590289,
7,d1,W_Y_ODR,158.47,,,,,,,,,,991.714,6.392878229,5.258055152,
37,d3,TF_N_H,177.675,,,,,,,,,,1112.97,6.496791793,5.26407767,
9,a3,UM_Y_ODR,143.934,,,,,,,,,,902.106,6.307796544,5.267497603,
18,a5,TF_N_H,233.979,,,,,,,,,,1473.219,6.749681945,5.296372751,
12,c4,TF_Y_H,238.027,,,,,,,,,,1498.749,6.765147628,5.296550391,
25,b5,UM_Y_KF,81.558,,,,,,,,,,513.636,5.801383401,5.297800338,
1,d3,M_Y_N,164.312,,,,,,,,,,1036.794,6.433711833,5.309910414,
23,b2,UM_N_H,175.766,,,,,,,,,,1109.796,6.495016137,5.314053913,
3,c3,UM_Y_N,121.739,,,,,,,,,,769.074,6.164999253,5.31740034,
7,d5,M_Y_ODR,125.005,,,,,,,,,,790.418,6.189726546,5.323091076,
20,c1,UM_Y_ODR,188.462,,,,,,,,,,1191.952,6.559457939,5.324627776,
22,a2,M_Y_ODR,173.397,,,,,,,,,,1097.422,6.485160695,5.328956095,
17,b1,LR_N_KF,115.874,,,,,,,,,,735.471,6.125260771,5.347161572,
39,b6,UM_Y_ODR,115.598,,,,,,,,,,736.322,6.126655658,5.369677676,
32,c6,LR_N_H,138.897,,,,,,,,,,884.787,6.291973673,5.370094386,
20,d4,W_N_H,216.66,,,,,,,,,,1381.104,6.692805528,5.374522293,
24,d1,TF_Y_KF,178.273,,,,,,,,,,1137.534,6.518286432,5.380854083,
14,d2,UM_Y_H,159.344,,,,,,,,,,1022.442,6.422842624,5.416570439,
4,b1,TF_Y_KF,136.689,,,,,,,,,,877.496,6.28530157,5.419653374,
3,b3,UM_Y_H,111.389,,,,,,,,,,715.392,6.101527786,5.422465414,
25,a6,UM_N_H,196.604,,,,,,,,,,1263.413,6.613452913,5.426181563,
39,d2,LR_N_KF,125.097,,,,,,,,,,808.496,6.212266788,5.462952749,
35,a4,LR_Y_N,139.15,,,,,,,,,,901.025,6.309977755,5.475206612,
22,a6,LR_N_ODR,183.241,,,,,,,,,,1187.099,6.558187572,5.478348186,
1,c3,M_Y_ODR,126.477,,,,,,,,,,819.398,6.224563877,5.478632479,
32,d4,TF_Y_ODR,183.425,,,,,,,,,,1191.929,6.562147696,5.498181818,
19,d1,DR_Y_KF,134.941,,,,,,,,,,877.68,6.286798298,5.504175899,
32,c3,TF_N_H,154.146,,,,,,,,,,1002.616,6.406577843,5.504327067,
9,b5,LR_N_H,161.483,,,,,,,,,,1051.445,6.4494807,5.511180743,
1,a2,LR_N_H,180.895,,,,,,,,,,1178.658,6.552340107,5.515702479,
22,c2,M_Y_H,104.282,,,,,,,,,,680.455,6.058051815,5.525143361,
27,a1,UM_Y_N,204.401,,,,,,,,,,1337.243,6.666356936,5.542252729,
37,c1,LR_Y_N,136.321,,,,,,,,,,892.998,6.303083101,5.550700186,
27,a5,TF_Y_N,232.99,,,,,,,,,,1530.006,6.787927383,5.566831194,
34,d3,DR_N_KF,179.86,,,,,,,,,,1182.706,6.556342435,5.575703325,
37,d1,LR_Y_H,136.252,,,,,,,,,,896.747,6.30732316,5.581532748,
32,a5,LR_Y_N,138.023,,,,,,,,,,908.891,6.319483141,5.585069155,
17,d6,W_Y_H,210.243,,,,,,,,,,1384.83,6.698506267,5.586806695,
19,a6,M_N_ODR,142.508,,,,,,,,,,938.676,6.348530558,5.586830213,
11,d5,LR_Y_N,177.951,,,,,,,,,,1176.404,6.552066784,5.610831071,
7,b6,M_N_KF,102.419,,,,,,,,,,677.304,6.055212988,5.613069841,
29,a4,M_Y_H,168.084,,,,,,,,,,1111.843,6.501327892,5.614805692,
38,d4,M_Y_KF,109.181,,,,,,,,,,722.568,6.113510828,5.618074573,
24,a6,M_N_ODR,107.364,,,,,,,,,,710.654,6.09856318,5.619108826,
31,d2,DR_N_H,145.981,,,,,,,,,,968.99,6.377906644,5.637781629,
30,c1,LR_N_KF,191.613,,,,,,,,,,1272.728,6.623370136,5.64217981,
9,a6,LR_Y_ODR,139.725,,,,,,,,,,930.235,6.341469622,5.657613169,
27,c1,UM_Y_ODR,217.442,,,,,,,,,,1449.207,6.740578574,5.664797969,
21,a2,W_N_H,191.567,,,,,,,,,,1277.121,6.626839843,5.666706687,
11,a6,LR_N_H,165.508,,,,,,,,,,1104.46,6.496209854,5.673151751,
37,d4,TF_Y_H,210.059,,,,,,,,,,1402.011,6.710924069,5.674367678,
12,d3,TF_N_KF,236.601,,,,,,,,,,1588.702,6.824035092,5.714688442,
26,d5,TF_N_H,162.564,,,,,,,,,,1093.029,6.487600843,5.723684211,
15,c1,M_N_H,137.77,,,,,,,,,,926.624,6.338989311,5.725876461,
17,d5,W_N_H,146.947,,,,,,,,,,991.093,6.399801177,5.744560964,
23,c2,UM_N_KF,123.004,,,,,,,,,,831.818,6.242391979,5.762528048,
39,c6,UM_Y_H,146.717,,,,,,,,,,992.68,6.4015578,5.765950776,
15,d4,DR_N_N,86.871,,,,,,,,,,590.893,5.935192526,5.801959227,
20,a5,TF_Y_N,143.152,,,,,,,,,,974.441,6.385473273,5.807037275,
7,b4,UM_Y_KF,114.977,,,,,,,,,,783.104,6.188792299,5.810962192,
3,d2,M_N_KF,88.757,,,,,,,,,,606.947,5.959851243,5.838300078,
33,d6,UM_Y_KF,110.492,,,,,,,,,,759.46,6.162113342,5.873438801,
10,a5,M_Y_ODR,132.894,,,,,,,,,,915.906,6.330958558,5.892004154,
5,d1,TF_Y_ODR,149.017,,,,,,,,,,1027.203,6.434188814,5.893193394,
4,a1,TF_Y_H,191.636,,,,,,,,,,1323.328,6.662345281,5.905424868,
7,a5,M_Y_N,144.992,,,,,,,,,,1004.042,6.414121275,5.924809645,
19,d5,M_Y_KF,112.976,,,,,,,,,,784.369,6.192162032,5.94279316,
29,b6,DR_N_KF,239.936,,,,,,,,,,1668.259,6.871498625,5.952933282,
20,b6,TF_N_KF,131.1,,,,,,,,,,915.86,6.332267475,5.985964912,
17,a1,LR_N_ODR,131.307,,,,,,,,,,920.529,6.337194696,6.010509721,
39,a6,UM_Y_N,105.018,,,,,,,,,,738.438,6.139123968,6.031537451,
39,b1,LR_Y_ODR,130.847,,,,,,,,,,922.944,6.340165691,6.053612234,
20,d5,TF_Y_H,157.55,,,,,,,,,,1113.315,6.509123043,6.066423358,
23,a4,W_Y_N,173.811,,,,,,,,,,1230.868,6.59967804,6.081646156,
39,c2,LR_N_H,131.859,,,,,,,,,,935.548,6.352959137,6.095063666,
7,c5,M_Y_H,138.161,,,,,,,,,,980.95,6.395679523,6.100049942,
39,a3,M_Y_N,105.294,,,,,,,,,,748.328,6.152165741,6.107033639,
33,a4,LR_Y_ODR,120.934,,,,,,,,,,864.8,6.282973772,6.151007988,
1,d1,LR_Y_N,181.401,,,,,,,,,,1299.569,6.649716945,6.164067453,
11,c1,UM_Y_ODR,124.177,,,,,,,,,,900.519,6.320800467,6.2518985,
15,d3,DR_Y_N,84.502,,,,,,,,,,614.169,5.976592614,6.268100163,
10,d6,M_N_KF,140.231,,,,,,,,,,1020.694,6.433908961,6.278661637,
24,b1,TF_Y_H,137.333,,,,,,,,,,1000.408,6.415922332,6.284541953,
16,d6,TF_N_H,81.19,,,,,,,,,,593.377,5.946150739,6.308498584,
39,c1,LR_Y_H,110.699,,,,,,,,,,809.508,6.225745175,6.312694785,
34,b1,M_Y_ODR,157.09,,,,,,,,,,1150.368,6.542155281,6.322986823,
2,b4,UM_N_ODR,104.719,,,,,,,,,,767.096,6.177483899,6.325280035,
7,d4,UM_Y_ODR,132.664,,,,,,,,,,975.798,6.394473636,6.355409154,
33,b5,UM_N_H,94.024,,,,,,,,,,693.266,6.087058757,6.373287671,
8,d5,LR_Y_KF,165.025,,,,,,,,,,1218.954,6.595138695,6.386480836,
31,d4,UM_N_H,106.168,,,,,,,,,,785.634,6.199988761,6.399913345,
26,d4,W_N_H,150.489,,,,,,,,,,1114.35,6.514637555,6.404860156,
9,d6,LR_Y_N,122.728,,,,,,,,,,910.616,6.333124241,6.419790105,
19,a5,M_Y_ODR,126.845,,,,,,,,,,941.896,6.363598278,6.425566636,
34,a5,TF_N_H,143.957,,,,,,,,,,1072.214,6.480529484,6.448154657,
32,d2,M_N_ODR,68.632,,,,,,,,,,512.095,5.815634265,6.461461126,
7,a3,UM_N_N,87.377,,,,,,,,,,652.993,6.0345432,6.473282443,
31,c3,UM_Y_ODR,105.892,,,,,,,,,,793.684,6.210443426,6.495221546,
3,a3,UM_Y_ODR,203.435,,,,,,,,,,1528.281,6.800364199,6.512379876,
18,b2,UM_N_ODR,75.026,,,,,,,,,,563.96,5.903199855,6.516860822,
39,d3,M_Y_KF,113.275,,,,,,,,,,852.288,6.274942649,6.524060914,
23,c1,UM_Y_KF,94.438,,,,,,,,,,713.46,6.11533202,6.554797857,
18,a1,UM_Y_H,143.106,,,,,,,,,,1085.922,6.493826113,6.588235294,
2,c6,W_Y_KF,128.984,,,,,,,,,,980.766,6.402365062,6.603780314,
26,d6,TF_Y_H,169.97,,,,,,,,,,1292.692,6.65091995,6.60541272,
1,a5,TF_Y_H,205.367,,,,,,,,,,1574.787,6.829395442,6.668159928,
6,c1,M_Y_KF,106.881,,,,,,,,,,823.193,6.246019074,6.701958253,
2,a6,W_Y_H,168.038,,,,,,,,,,1317.578,6.671131467,6.840952642,
22,d3,DR_N_KF,192.211,,,,,,,,,,1512.365,6.795570557,6.868254158,
40,a6,DR_Y_N,174.386,,,,,,,,,,1378.436,6.712577679,6.904510683,
38,d3,M_N_KF,127.029,,,,,,,,,,1005.698,6.428995566,6.917074054,
33,a6,UM_Y_ODR,126.27,,,,,,,,,,1002.386,6.42629619,6.938433515,
33,a5,UM_N_ODR,114.816,,,,,,,,,,917.7,6.347537455,6.992788462,
16,a3,LR_N_N,91.609,,,,,,,,,,737.656,6.151724639,7.052221943,
10,a1,TF_Y_ODR,165.278,,,,,,,,,,1336.3,6.686896989,7.0851656,
6,d1,M_Y_ODR,160.494,,,,,,,,,,1305.917,6.666835099,7.136858699,
12,b6,M_Y_N,113.988,,,,,,,,,,932.075,6.363803966,7.176957224,
5,a1,TF_Y_H,152.95,,,,,,,,,,1252.511,6.629894508,7.189022556,
31,d1,DR_Y_H,154.008,,,,,,,,,,1262.332,6.637015628,7.196535245,
12,d5,M_N_KF,139.403,,,,,,,,,,1146.159,6.550434729,7.221910576,
32,b1,M_Y_KF,136.022,,,,,,,,,,1121.204,6.530876723,7.242813662,
40,a4,TF_Y_N,163.438,,,,,,,,,,1347.662,6.696483147,7.245707853,
1,a6,TF_N_H,185.794,,,,,,,,,,1537.044,6.815152517,7.272839812,
3,a6,LR_Y_ODR,144.072,,,,,,,,,,1196.69,6.590283374,7.306194125,
15,d2,M_Y_N,102.051,,,,,,,,,,855.715,6.289390108,7.38517016,
34,a6,TF_Y_H,197.11,,,,,,,,,,1652.941,6.88193521,7.38588098,
24,c6,M_N_N,99.636,,,,,,,,,,836.602,6.269196095,7.396583564,
33,b6,UM_Y_H,121.141,,,,,,,,,,1020.05,6.447911409,7.420353142,
39,b4,M_N_ODR,86.94,,,,,,,,,,736.184,6.154958265,7.467724868,
24,d6,M_N_KF,86.917,,,,,,,,,,744.97,6.166848585,7.571050542,
39,c4,M_N_H,85.054,,,,,,,,,,734.206,6.154461008,7.63223364,
20,a3,W_Y_N,114.425,,,,,,,,,,991.737,6.425465993,7.667135678,
39,a4,M_N_N,111.435,,,,,,,,,,973.636,6.409693371,7.737254902,
15,c5,UM_N_H,79.35,,,,,,,,,,702.236,6.116882685,7.849855072,
7,c6,M_N_H,72.91,,,,,,,,,,653.936,6.054086907,7.969085174,
15,a6,UM_Y_KF,97.244,,,,,,,,,,887.294,6.330454053,8.124408704,
32,a1,M_Y_N,122.613,,,,,,,,,,1121.204,6.541255082,8.14425061,
39,d1,LR_Y_KF,130.203,,,,,,,,,,1194.804,6.598827957,8.176470588,
11,a1,UM_Y_H,107.111,,,,,,,,,,989.023,6.429331019,8.233626798,
25,d1,M_Y_ODR,92.874,,,,,,,,,,861.396,6.305429955,8.274888559,
20,d1,UM_Y_H,166.819,,,,,,,,,,1549.28,6.833854647,8.287191507,
39,d6,UM_Y_KF,122.659,,,,,,,,,,1141.076,6.558786141,8.302831427,
31,d6,W_N_H,147.959,,,,,,,,,,1379.954,6.41719096,8.326597233,
10,d1,TF_Y_KF,170.683,,,,,,,,,,1597.511,6.862221268,8.35952028,
20,d6,TF_N_H,170.568,,,,,,,,,,1687.165,6.91689148,8.891450917,
3,a1,M_Y_ODR,120.658,,,,,,,,,,1199.542,6.610399087,8.941669844,
39,a1,LR_Y_N,91.747,,,,,,,,,,935.548,6.389228975,9.197041865,
25,d6,UM_N_ODR,58.052,,,,,,,,,,626.336,6.033753052,9.789223455,
2,a3,UM_Y_H,69.391,,,,,,,,,,758.816,6.207783606,9.935366258,
34,d1,M_Y_KF,64.561,,,,,,,,,,714.518,6.154847138,10.06733167,